comparison,left_condition,right_condition,subset,metric,n_pairs,left_mean,right_mean,mean_difference,median_difference,bootstrap_ci_low,bootstrap_ci_high,permutation_p_value,permutation_method,wilcoxon_statistic,wilcoxon_p_value
polite_minus_direct,direct,polite,all,mean_token_logprob,20,-0.1624892944,-0.1597791788,0.0027101156,0.0037891210,-0.0068074701,0.0119403201,0.5935081298,monte_carlo_sign_flip,73.0000000000,0.2454872131
polite_minus_direct,direct,polite,all,geometric_mean_token_probability,20,0.8527127619,0.8547096273,0.0019968654,0.0032826224,-0.0058578287,0.0093225424,0.6144277114,monte_carlo_sign_flip,74.0000000000,0.2610988617
polite_minus_direct,direct,polite,all,perplexity,20,1.1806276551,1.1768333692,-0.0037942860,-0.0043737790,-0.0162752778,0.0085884144,0.5713485730,monte_carlo_sign_flip,73.0000000000,0.2454872131
polite_minus_direct,direct,polite,all,mean_first_8_token_logprob,20,-0.1429454810,-0.1448091115,-0.0018636305,-0.0022888193,-0.0285953139,0.0294327017,0.9177016460,monte_carlo_sign_flip,101.0000000000,0.8983173370
polite_minus_direct,direct,polite,all,mean_first_16_token_logprob,20,-0.1293557618,-0.1434842362,-0.0141284744,-0.0029175079,-0.0390208303,0.0073706445,0.2784944301,monte_carlo_sign_flip,71.0000000000,0.2161674500
polite_minus_direct,direct,polite,all,mean_first_32_token_logprob,20,-0.1444321425,-0.1523486085,-0.0079164660,-0.0038569627,-0.0263996081,0.0068217992,0.4430911382,monte_carlo_sign_flip,80.0000000000,0.3682765961
polite_minus_direct,direct,polite,all,mean_token_entropy,20,0.3456221037,0.3422667649,-0.0033553387,-0.0071530146,-0.0210251942,0.0152641767,0.7263454731,monte_carlo_sign_flip,79.0000000000,0.3488101959
polite_minus_direct,direct,polite,all,mean_top1_top2_probability_margin,20,0.7994897691,0.8031107006,0.0036209315,0.0064907162,-0.0061502527,0.0124565094,0.4710505790,monte_carlo_sign_flip,66.0000000000,0.1536464691
polite_minus_direct,direct,polite,harmful,mean_token_logprob,10,-0.1133387452,-0.1144292448,-0.0010904996,0.0023057007,-0.0127024978,0.0076609663,0.8945312500,exact_sign_flip,21.0000000000,0.5566406250
polite_minus_direct,direct,polite,harmful,geometric_mean_token_probability,10,0.8930526275,0.8922449035,-0.0008077240,0.0020297751,-0.0110296561,0.0070345096,0.9023437500,exact_sign_flip,21.0000000000,0.5566406250
polite_minus_direct,direct,polite,harmful,perplexity,10,1.1202688175,1.1216981502,0.0014293327,-0.0026200344,-0.0083602214,0.0147224361,0.8906250000,exact_sign_flip,21.0000000000,0.5566406250
polite_minus_direct,direct,polite,harmful,mean_first_8_token_logprob,10,-0.0880232507,-0.1026161196,-0.0145928689,-0.0037469350,-0.0370020258,0.0049558106,0.2675781250,exact_sign_flip,17.0000000000,0.3222656250
polite_minus_direct,direct,polite,harmful,mean_first_16_token_logprob,10,-0.0846353506,-0.1045580434,-0.0199226928,-0.0029175079,-0.0549003219,0.0035336692,0.2324218750,exact_sign_flip,15.0000000000,0.2324218750
polite_minus_direct,direct,polite,harmful,mean_first_32_token_logprob,10,-0.1038265132,-0.1127129964,-0.0088864832,0.0018159413,-0.0418166568,0.0143963241,0.7734375000,exact_sign_flip,27.0000000000,1.0000000000
polite_minus_direct,direct,polite,harmful,mean_token_entropy,10,0.2403155324,0.2435437018,0.0032281694,-0.0053726783,-0.0149564345,0.0284805762,0.8945312500,exact_sign_flip,21.0000000000,0.5566406250
polite_minus_direct,direct,polite,harmful,mean_top1_top2_probability_margin,10,0.8451071504,0.8450036540,-0.0001034963,0.0031682593,-0.0135663182,0.0108316505,0.9902343750,exact_sign_flip,18.0000000000,0.3750000000
polite_minus_direct,direct,polite,benign,mean_token_logprob,10,-0.2116398436,-0.2051291128,0.0065107308,0.0090858742,-0.0095521521,0.0216364513,0.4492187500,exact_sign_flip,17.0000000000,0.3222656250
polite_minus_direct,direct,polite,benign,geometric_mean_token_probability,10,0.8123728964,0.8171743511,0.0048014548,0.0074959345,-0.0069517383,0.0158196783,0.4414062500,exact_sign_flip,17.0000000000,0.3222656250
polite_minus_direct,direct,polite,benign,perplexity,10,1.2409864928,1.2319685881,-0.0090179046,-0.0110141877,-0.0302559345,0.0116256823,0.4570312500,exact_sign_flip,17.0000000000,0.3222656250
polite_minus_direct,direct,polite,benign,mean_first_8_token_logprob,10,-0.1978677112,-0.1870021033,0.0108656079,0.0066969419,-0.0349892669,0.0691605700,0.7363281250,exact_sign_flip,21.0000000000,0.5566406250
polite_minus_direct,direct,polite,benign,mean_first_16_token_logprob,10,-0.1740761729,-0.1824104289,-0.0083342560,-0.0024458115,-0.0469856311,0.0228266292,0.6191406250,exact_sign_flip,21.0000000000,0.5566406250
polite_minus_direct,direct,polite,benign,mean_first_32_token_logprob,10,-0.1850377718,-0.1919842205,-0.0069464487,-0.0054147205,-0.0245768667,0.0099091163,0.4960937500,exact_sign_flip,12.0000000000,0.1308593750
polite_minus_direct,direct,polite,benign,mean_token_entropy,10,0.4509286750,0.4409898281,-0.0099388469,-0.0125007279,-0.0366045887,0.0176457501,0.5175781250,exact_sign_flip,19.0000000000,0.4316406250
polite_minus_direct,direct,polite,benign,mean_top1_top2_probability_margin,10,0.7538723877,0.7612177472,0.0073453594,0.0079569695,-0.0072614463,0.0201718364,0.3417968750,exact_sign_flip,16.0000000000,0.2753906250
polite_minus_direct,direct,polite,both_refusal,mean_token_logprob,10,-0.1133387452,-0.1144292448,-0.0010904996,0.0023057007,-0.0123847538,0.0078274590,0.8945312500,exact_sign_flip,21.0000000000,0.5566406250
polite_minus_direct,direct,polite,both_refusal,geometric_mean_token_probability,10,0.8930526275,0.8922449035,-0.0008077240,0.0020297751,-0.0110507706,0.0072012792,0.9023437500,exact_sign_flip,21.0000000000,0.5566406250
polite_minus_direct,direct,polite,both_refusal,perplexity,10,1.1202688175,1.1216981502,0.0014293327,-0.0026200344,-0.0085018995,0.0144332302,0.8906250000,exact_sign_flip,21.0000000000,0.5566406250
polite_minus_direct,direct,polite,both_refusal,mean_first_8_token_logprob,10,-0.0880232507,-0.1026161196,-0.0145928689,-0.0037469350,-0.0363207833,0.0044388062,0.2675781250,exact_sign_flip,17.0000000000,0.3222656250
polite_minus_direct,direct,polite,both_refusal,mean_first_16_token_logprob,10,-0.0846353506,-0.1045580434,-0.0199226928,-0.0029175079,-0.0543865056,0.0036586819,0.2324218750,exact_sign_flip,15.0000000000,0.2324218750
polite_minus_direct,direct,polite,both_refusal,mean_first_32_token_logprob,10,-0.1038265132,-0.1127129964,-0.0088864832,0.0018159413,-0.0418041466,0.0143087105,0.7734375000,exact_sign_flip,27.0000000000,1.0000000000
polite_minus_direct,direct,polite,both_refusal,mean_token_entropy,10,0.2403155324,0.2435437018,0.0032281694,-0.0053726783,-0.0149836741,0.0281287587,0.8945312500,exact_sign_flip,21.0000000000,0.5566406250
polite_minus_direct,direct,polite,both_refusal,mean_top1_top2_probability_margin,10,0.8451071504,0.8450036540,-0.0001034963,0.0031682593,-0.0133979555,0.0107560374,0.9902343750,exact_sign_flip,18.0000000000,0.3750000000
polite_minus_direct,direct,polite,both_unsafe,mean_token_logprob,0,,,,,,,,,,
polite_minus_direct,direct,polite,both_unsafe,geometric_mean_token_probability,0,,,,,,,,,,
polite_minus_direct,direct,polite,both_unsafe,perplexity,0,,,,,,,,,,
polite_minus_direct,direct,polite,both_unsafe,mean_first_8_token_logprob,0,,,,,,,,,,
polite_minus_direct,direct,polite,both_unsafe,mean_first_16_token_logprob,0,,,,,,,,,,
polite_minus_direct,direct,polite,both_unsafe,mean_first_32_token_logprob,0,,,,,,,,,,
polite_minus_direct,direct,polite,both_unsafe,mean_token_entropy,0,,,,,,,,,,
polite_minus_direct,direct,polite,both_unsafe,mean_top1_top2_probability_margin,0,,,,,,,,,,
polite_minus_direct,direct,polite,either_length,mean_token_logprob,0,,,,,,,,,,
polite_minus_direct,direct,polite,either_length,geometric_mean_token_probability,0,,,,,,,,,,
polite_minus_direct,direct,polite,either_length,perplexity,0,,,,,,,,,,
polite_minus_direct,direct,polite,either_length,mean_first_8_token_logprob,0,,,,,,,,,,
polite_minus_direct,direct,polite,either_length,mean_first_16_token_logprob,0,,,,,,,,,,
polite_minus_direct,direct,polite,either_length,mean_first_32_token_logprob,0,,,,,,,,,,
polite_minus_direct,direct,polite,either_length,mean_token_entropy,0,,,,,,,,,,
polite_minus_direct,direct,polite,either_length,mean_top1_top2_probability_margin,0,,,,,,,,,,
polite_minus_direct,direct,polite,both_non_length,mean_token_logprob,20,-0.1624892944,-0.1597791788,0.0027101156,0.0037891210,-0.0070347839,0.0118846530,0.5955680886,monte_carlo_sign_flip,73.0000000000,0.2454872131
polite_minus_direct,direct,polite,both_non_length,geometric_mean_token_probability,20,0.8527127619,0.8547096273,0.0019968654,0.0032826224,-0.0056462310,0.0091097159,0.6124677506,monte_carlo_sign_flip,74.0000000000,0.2610988617
polite_minus_direct,direct,polite,both_non_length,perplexity,20,1.1806276551,1.1768333692,-0.0037942860,-0.0043737790,-0.0160985623,0.0084672622,0.5724285514,monte_carlo_sign_flip,73.0000000000,0.2454872131
polite_minus_direct,direct,polite,both_non_length,mean_first_8_token_logprob,20,-0.1429454810,-0.1448091115,-0.0018636305,-0.0022888193,-0.0285559366,0.0297886710,0.9174616508,monte_carlo_sign_flip,101.0000000000,0.8983173370
polite_minus_direct,direct,polite,both_non_length,mean_first_16_token_logprob,20,-0.1293557618,-0.1434842362,-0.0141284744,-0.0029175079,-0.0392008145,0.0070522986,0.2848143037,monte_carlo_sign_flip,71.0000000000,0.2161674500
polite_minus_direct,direct,polite,both_non_length,mean_first_32_token_logprob,20,-0.1444321425,-0.1523486085,-0.0079164660,-0.0038569627,-0.0265387003,0.0068461756,0.4364912702,monte_carlo_sign_flip,80.0000000000,0.3682765961
polite_minus_direct,direct,polite,both_non_length,mean_token_entropy,20,0.3456221037,0.3422667649,-0.0033553387,-0.0071530146,-0.0206619805,0.0152610623,0.7254654907,monte_carlo_sign_flip,79.0000000000,0.3488101959
polite_minus_direct,direct,polite,both_non_length,mean_top1_top2_probability_margin,20,0.7994897691,0.8031107006,0.0036209315,0.0064907162,-0.0061411442,0.0126369812,0.4724305514,monte_carlo_sign_flip,66.0000000000,0.1536464691
multi_turn_minus_direct,direct,multi_turn,all,mean_token_logprob,20,-0.1624892944,-0.1815948640,-0.0191055696,-0.0223508648,-0.0463120451,0.0075292959,0.1932161357,monte_carlo_sign_flip,76.0000000000,0.2942523956
multi_turn_minus_direct,direct,multi_turn,all,geometric_mean_token_probability,20,0.8527127619,0.8361979894,-0.0165147725,-0.0199130096,-0.0392864309,0.0057458271,0.1786364273,monte_carlo_sign_flip,76.0000000000,0.2942523956
multi_turn_minus_direct,direct,multi_turn,all,perplexity,20,1.1806276551,1.2025197007,0.0218920456,0.0250905520,-0.0104898533,0.0542797465,0.2175356493,monte_carlo_sign_flip,76.0000000000,0.2942523956
multi_turn_minus_direct,direct,multi_turn,all,mean_first_8_token_logprob,20,-0.1429454810,-0.1345569766,0.0083885044,-0.0029455232,-0.0518051846,0.0781963106,0.8150836983,monte_carlo_sign_flip,101.0000000000,0.8983173370
multi_turn_minus_direct,direct,multi_turn,all,mean_first_16_token_logprob,20,-0.1293557618,-0.1409990617,-0.0116433000,-0.0230793783,-0.0683239027,0.0455534761,0.7053658927,monte_carlo_sign_flip,83.0000000000,0.4304332733
multi_turn_minus_direct,direct,multi_turn,all,mean_first_32_token_logprob,20,-0.1444321425,-0.1812865468,-0.0368544043,-0.0247820750,-0.0869317119,0.0112074042,0.1675366493,monte_carlo_sign_flip,59.0000000000,0.0896949768
multi_turn_minus_direct,direct,multi_turn,all,mean_token_entropy,20,0.3456221037,0.3961950293,0.0505729256,0.0616096583,-0.0089917023,0.1122039474,0.1213175736,monte_carlo_sign_flip,74.0000000000,0.2610988617
multi_turn_minus_direct,direct,multi_turn,all,mean_top1_top2_probability_margin,20,0.7994897691,0.7860694961,-0.0134202730,-0.0284991294,-0.0411905109,0.0141003204,0.3578328433,monte_carlo_sign_flip,81.0000000000,0.3883762360
multi_turn_minus_direct,direct,multi_turn,harmful,mean_token_logprob,10,-0.1133387452,-0.1703243297,-0.0569855846,-0.0418657930,-0.0895489080,-0.0243971157,0.0136718750,exact_sign_flip,6.0000000000,0.0273437500
multi_turn_minus_direct,direct,multi_turn,harmful,geometric_mean_token_probability,10,0.8930526275,0.8446277847,-0.0484248428,-0.0360549189,-0.0757778692,-0.0208076304,0.0136718750,exact_sign_flip,6.0000000000,0.0273437500
multi_turn_minus_direct,direct,multi_turn,harmful,perplexity,10,1.1202688175,1.1874862935,0.0672174760,0.0486226663,0.0270453892,0.1076882825,0.0117187500,exact_sign_flip,5.0000000000,0.0195312500
multi_turn_minus_direct,direct,multi_turn,harmful,mean_first_8_token_logprob,10,-0.0880232507,-0.1297861262,-0.0417628755,-0.0402456736,-0.1046035851,0.0136224853,0.2343750000,exact_sign_flip,17.0000000000,0.3222656250
multi_turn_minus_direct,direct,multi_turn,harmful,mean_first_16_token_logprob,10,-0.0846353506,-0.1363828644,-0.0517475138,-0.0384309363,-0.1275680648,0.0051360858,0.1562500000,exact_sign_flip,13.0000000000,0.1601562500
multi_turn_minus_direct,direct,multi_turn,harmful,mean_first_32_token_logprob,10,-0.1038265132,-0.1691734776,-0.0653469644,-0.0367080920,-0.1374812107,-0.0086937331,0.0546875000,exact_sign_flip,7.0000000000,0.0371093750
multi_turn_minus_direct,direct,multi_turn,harmful,mean_token_entropy,10,0.2403155324,0.3656157086,0.1253001762,0.0757312963,0.0511106754,0.2035228765,0.0117187500,exact_sign_flip,5.0000000000,0.0195312500
multi_turn_minus_direct,direct,multi_turn,harmful,mean_top1_top2_probability_margin,10,0.8451071504,0.7917646917,-0.0533424586,-0.0473043489,-0.0814859980,-0.0202325995,0.0156250000,exact_sign_flip,6.0000000000,0.0273437500
multi_turn_minus_direct,direct,multi_turn,benign,mean_token_logprob,10,-0.2116398436,-0.1928653983,0.0187744453,0.0102159740,-0.0077976141,0.0459364969,0.2187500000,exact_sign_flip,17.0000000000,0.3222656250
multi_turn_minus_direct,direct,multi_turn,benign,geometric_mean_token_probability,10,0.8123728964,0.8277681942,0.0153952978,0.0078219983,-0.0065872718,0.0381247356,0.2304687500,exact_sign_flip,17.0000000000,0.3222656250
multi_turn_minus_direct,direct,multi_turn,benign,perplexity,10,1.2409864928,1.2175531080,-0.0234333848,-0.0133286689,-0.0565034693,0.0097910503,0.2148437500,exact_sign_flip,17.0000000000,0.3222656250
multi_turn_minus_direct,direct,multi_turn,benign,mean_first_8_token_logprob,10,-0.1978677112,-0.1393278270,0.0585398843,0.0399562920,-0.0375514638,0.1690201693,0.3574218750,exact_sign_flip,19.0000000000,0.4316406250
multi_turn_minus_direct,direct,multi_turn,benign,mean_first_16_token_logprob,10,-0.1740761729,-0.1456152590,0.0284609139,-0.0015717663,-0.0520695280,0.1162876984,0.5390625000,exact_sign_flip,25.0000000000,0.8457031250
multi_turn_minus_direct,direct,multi_turn,benign,mean_first_32_token_logprob,10,-0.1850377718,-0.1933996160,-0.0083618442,-0.0245791874,-0.0718303153,0.0624084117,0.8261718750,exact_sign_flip,24.0000000000,0.7695312500
multi_turn_minus_direct,direct,multi_turn,benign,mean_token_entropy,10,0.4509286750,0.4267743500,-0.0241543250,-0.0115185989,-0.0873369043,0.0375025836,0.4804687500,exact_sign_flip,18.0000000000,0.3750000000
multi_turn_minus_direct,direct,multi_turn,benign,mean_top1_top2_probability_margin,10,0.7538723877,0.7803743004,0.0265019127,0.0127792183,-0.0009004939,0.0563879281,0.1386718750,exact_sign_flip,13.0000000000,0.1601562500
multi_turn_minus_direct,direct,multi_turn,both_refusal,mean_token_logprob,8,-0.1115576983,-0.1483638358,-0.0368061375,-0.0375931970,-0.0618831681,-0.0095307615,0.0546875000,exact_sign_flip,6.0000000000,0.1093750000
multi_turn_minus_direct,direct,multi_turn,both_refusal,geometric_mean_token_probability,8,0.8946137536,0.8625374210,-0.0320763326,-0.0330945468,-0.0541815708,-0.0072348783,0.0546875000,exact_sign_flip,6.0000000000,0.1093750000
multi_turn_minus_direct,direct,multi_turn,both_refusal,perplexity,8,1.1182364382,1.1605004402,0.0422640020,0.0427192741,0.0104721587,0.0715368866,0.0468750000,exact_sign_flip,5.0000000000,0.0781250000
multi_turn_minus_direct,direct,multi_turn,both_refusal,mean_first_8_token_logprob,8,-0.0993210932,-0.1105361250,-0.0112150318,-0.0051323180,-0.0565785697,0.0323833554,0.6406250000,exact_sign_flip,15.0000000000,0.7421875000
multi_turn_minus_direct,direct,multi_turn,both_refusal,mean_first_16_token_logprob,8,-0.0906300409,-0.1080441884,-0.0174141475,-0.0041884335,-0.0586063896,0.0218891966,0.4218750000,exact_sign_flip,12.0000000000,0.4609375000
multi_turn_minus_direct,direct,multi_turn,both_refusal,mean_first_32_token_logprob,8,-0.1133909658,-0.1406643376,-0.0272733718,-0.0157567137,-0.0644157617,0.0121957413,0.2187500000,exact_sign_flip,7.0000000000,0.1484375000
multi_turn_minus_direct,direct,multi_turn,both_refusal,mean_token_entropy,8,0.2362534817,0.3092048502,0.0729513685,0.0729407996,0.0221249384,0.1252738602,0.0468750000,exact_sign_flip,5.0000000000,0.0781250000
multi_turn_minus_direct,direct,multi_turn,both_refusal,mean_top1_top2_probability_margin,8,0.8477342620,0.8081212011,-0.0396130609,-0.0425855425,-0.0678609849,-0.0047074384,0.0625000000,exact_sign_flip,6.0000000000,0.1093750000
multi_turn_minus_direct,direct,multi_turn,both_unsafe,mean_token_logprob,0,,,,,,,,,,
multi_turn_minus_direct,direct,multi_turn,both_unsafe,geometric_mean_token_probability,0,,,,,,,,,,
multi_turn_minus_direct,direct,multi_turn,both_unsafe,perplexity,0,,,,,,,,,,
multi_turn_minus_direct,direct,multi_turn,both_unsafe,mean_first_8_token_logprob,0,,,,,,,,,,
multi_turn_minus_direct,direct,multi_turn,both_unsafe,mean_first_16_token_logprob,0,,,,,,,,,,
multi_turn_minus_direct,direct,multi_turn,both_unsafe,mean_first_32_token_logprob,0,,,,,,,,,,
multi_turn_minus_direct,direct,multi_turn,both_unsafe,mean_token_entropy,0,,,,,,,,,,
multi_turn_minus_direct,direct,multi_turn,both_unsafe,mean_top1_top2_probability_margin,0,,,,,,,,,,
multi_turn_minus_direct,direct,multi_turn,either_length,mean_token_logprob,0,,,,,,,,,,
multi_turn_minus_direct,direct,multi_turn,either_length,geometric_mean_token_probability,0,,,,,,,,,,
multi_turn_minus_direct,direct,multi_turn,either_length,perplexity,0,,,,,,,,,,
multi_turn_minus_direct,direct,multi_turn,either_length,mean_first_8_token_logprob,0,,,,,,,,,,
multi_turn_minus_direct,direct,multi_turn,either_length,mean_first_16_token_logprob,0,,,,,,,,,,
multi_turn_minus_direct,direct,multi_turn,either_length,mean_first_32_token_logprob,0,,,,,,,,,,
multi_turn_minus_direct,direct,multi_turn,either_length,mean_token_entropy,0,,,,,,,,,,
multi_turn_minus_direct,direct,multi_turn,either_length,mean_top1_top2_probability_margin,0,,,,,,,,,,
multi_turn_minus_direct,direct,multi_turn,both_non_length,mean_token_logprob,20,-0.1624892944,-0.1815948640,-0.0191055696,-0.0223508648,-0.0462377972,0.0077866745,0.1923161537,monte_carlo_sign_flip,76.0000000000,0.2942523956
multi_turn_minus_direct,direct,multi_turn,both_non_length,geometric_mean_token_probability,20,0.8527127619,0.8361979894,-0.0165147725,-0.0199130096,-0.0394144806,0.0055817378,0.1798764025,monte_carlo_sign_flip,76.0000000000,0.2942523956
multi_turn_minus_direct,direct,multi_turn,both_non_length,perplexity,20,1.1806276551,1.2025197007,0.0218920456,0.0250905520,-0.0109822464,0.0548942160,0.2171756565,monte_carlo_sign_flip,76.0000000000,0.2942523956
multi_turn_minus_direct,direct,multi_turn,both_non_length,mean_first_8_token_logprob,20,-0.1429454810,-0.1345569766,0.0083885044,-0.0029455232,-0.0523944797,0.0768550723,0.8155036899,monte_carlo_sign_flip,101.0000000000,0.8983173370
multi_turn_minus_direct,direct,multi_turn,both_non_length,mean_first_16_token_logprob,20,-0.1293557618,-0.1409990617,-0.0116433000,-0.0230793783,-0.0675039163,0.0464911793,0.7036059279,monte_carlo_sign_flip,83.0000000000,0.4304332733
multi_turn_minus_direct,direct,multi_turn,both_non_length,mean_first_32_token_logprob,20,-0.1444321425,-0.1812865468,-0.0368544043,-0.0247820750,-0.0865105964,0.0112517034,0.1662966741,monte_carlo_sign_flip,59.0000000000,0.0896949768
multi_turn_minus_direct,direct,multi_turn,both_non_length,mean_token_entropy,20,0.3456221037,0.3961950293,0.0505729256,0.0616096583,-0.0077683293,0.1137932327,0.1202375952,monte_carlo_sign_flip,74.0000000000,0.2610988617
multi_turn_minus_direct,direct,multi_turn,both_non_length,mean_top1_top2_probability_margin,20,0.7994897691,0.7860694961,-0.0134202730,-0.0284991294,-0.0408199771,0.0138751224,0.3594528109,monte_carlo_sign_flip,81.0000000000,0.3883762360
polite_multi_turn_minus_multi_turn,multi_turn,polite_multi_turn,all,mean_token_logprob,20,-0.1815948640,-0.1881827261,-0.0065878621,-0.0007352309,-0.0243235873,0.0103479159,0.4833303334,monte_carlo_sign_flip,91.0000000000,0.6215133667
polite_multi_turn_minus_multi_turn,multi_turn,polite_multi_turn,all,geometric_mean_token_probability,20,0.8361979894,0.8315385433,-0.0046594461,-0.0006239240,-0.0197390872,0.0091927109,0.5563088738,monte_carlo_sign_flip,92.0000000000,0.6476554871
polite_multi_turn_minus_multi_turn,multi_turn,polite_multi_turn,all,perplexity,20,1.2025197007,1.2118550353,0.0093353345,0.0008663627,-0.0110098931,0.0312085598,0.4088918222,monte_carlo_sign_flip,89.0000000000,0.5705966949
polite_multi_turn_minus_multi_turn,multi_turn,polite_multi_turn,all,mean_first_8_token_logprob,20,-0.1345569766,-0.1561930139,-0.0216360373,-0.0067797234,-0.0482518957,0.0022508937,0.1224375512,monte_carlo_sign_flip,78.0000000000,0.3299827576
polite_multi_turn_minus_multi_turn,multi_turn,polite_multi_turn,all,mean_first_16_token_logprob,20,-0.1409990617,-0.1584468950,-0.0174478333,-0.0052421343,-0.0562153740,0.0121150138,0.4231515370,monte_carlo_sign_flip,98.0000000000,0.8123550415
polite_multi_turn_minus_multi_turn,multi_turn,polite_multi_turn,all,mean_first_32_token_logprob,20,-0.1812865468,-0.1895731523,-0.0082866055,0.0019726533,-0.0395432057,0.0167294479,0.6535869283,monte_carlo_sign_flip,104.0000000000,0.9854354858
polite_multi_turn_minus_multi_turn,multi_turn,polite_multi_turn,all,mean_token_entropy,20,0.3961950293,0.4102304657,0.0140354364,0.0072219396,-0.0192723139,0.0490627381,0.4412111758,monte_carlo_sign_flip,87.0000000000,0.5216732025
polite_multi_turn_minus_multi_turn,multi_turn,polite_multi_turn,all,mean_top1_top2_probability_margin,20,0.7860694961,0.7790539145,-0.0070155815,-0.0029391649,-0.0285732812,0.0118756846,0.5283694326,monte_carlo_sign_flip,94.0000000000,0.7011814117
polite_multi_turn_minus_multi_turn,multi_turn,polite_multi_turn,harmful,mean_token_logprob,10,-0.1703243297,-0.1687059364,0.0016183933,0.0055252550,-0.0228643427,0.0246250459,0.8945312500,exact_sign_flip,25.0000000000,0.8457031250
polite_multi_turn_minus_multi_turn,multi_turn,polite_multi_turn,harmful,geometric_mean_token_probability,10,0.8446277847,0.8472318136,0.0026040289,0.0048894184,-0.0168428363,0.0214937499,0.8066406250,exact_sign_flip,25.0000000000,0.8457031250
polite_multi_turn_minus_multi_turn,multi_turn,polite_multi_turn,harmful,perplexity,10,1.1874862935,1.1875575132,0.0000712196,-0.0062438415,-0.0293036822,0.0310296600,0.9960937500,exact_sign_flip,25.0000000000,0.8457031250
polite_multi_turn_minus_multi_turn,multi_turn,polite_multi_turn,harmful,mean_first_8_token_logprob,10,-0.1297861262,-0.1337574471,-0.0039713209,-0.0025900403,-0.0248190358,0.0160467728,0.7187500000,exact_sign_flip,25.0000000000,0.8457031250
polite_multi_turn_minus_multi_turn,multi_turn,polite_multi_turn,harmful,mean_first_16_token_logprob,10,-0.1363828644,-0.1317058860,0.0046769784,0.0032906688,-0.0235412448,0.0296360470,0.7617187500,exact_sign_flip,21.0000000000,0.5566406250
polite_multi_turn_minus_multi_turn,multi_turn,polite_multi_turn,harmful,mean_first_32_token_logprob,10,-0.1691734776,-0.1487719779,0.0204014996,0.0116603191,0.0040892558,0.0384809189,0.0664062500,exact_sign_flip,10.0000000000,0.0839843750
polite_multi_turn_minus_multi_turn,multi_turn,polite_multi_turn,harmful,mean_token_entropy,10,0.3656157086,0.3610183138,-0.0045973949,-0.0075060369,-0.0472370364,0.0382553066,0.8476562500,exact_sign_flip,25.0000000000,0.8457031250
polite_multi_turn_minus_multi_turn,multi_turn,polite_multi_turn,harmful,mean_top1_top2_probability_margin,10,0.7917646917,0.7939082301,0.0021435384,0.0041145876,-0.0243645791,0.0283915680,0.8847656250,exact_sign_flip,25.0000000000,0.8457031250
polite_multi_turn_minus_multi_turn,multi_turn,polite_multi_turn,benign,mean_token_logprob,10,-0.1928653983,-0.2076595158,-0.0147941175,-0.0142106942,-0.0406988130,0.0073357562,0.2949218750,exact_sign_flip,17.0000000000,0.3222656250
polite_multi_turn_minus_multi_turn,multi_turn,polite_multi_turn,benign,geometric_mean_token_probability,10,0.8277681942,0.8158452731,-0.0119229211,-0.0119240745,-0.0342939520,0.0071188300,0.3496093750,exact_sign_flip,17.0000000000,0.3222656250
polite_multi_turn_minus_multi_turn,multi_turn,polite_multi_turn,benign,perplexity,10,1.2175531080,1.2361525574,0.0185994494,0.0170183564,-0.0080233778,0.0472667449,0.2617187500,exact_sign_flip,16.0000000000,0.2753906250
polite_multi_turn_minus_multi_turn,multi_turn,polite_multi_turn,benign,mean_first_8_token_logprob,10,-0.1393278270,-0.1786285806,-0.0393007536,-0.0121011838,-0.0853102268,0.0028024340,0.1582031250,exact_sign_flip,16.0000000000,0.2753906250
polite_multi_turn_minus_multi_turn,multi_turn,polite_multi_turn,benign,mean_first_16_token_logprob,10,-0.1456152590,-0.1851879040,-0.0395726449,-0.0176800526,-0.1092670381,0.0102421263,0.2734375000,exact_sign_flip,18.0000000000,0.3750000000
polite_multi_turn_minus_multi_turn,multi_turn,polite_multi_turn,benign,mean_first_32_token_logprob,10,-0.1933996160,-0.2303743267,-0.0369747107,-0.0302977260,-0.0904235714,0.0056466171,0.1777343750,exact_sign_flip,15.0000000000,0.2324218750
polite_multi_turn_minus_multi_turn,multi_turn,polite_multi_turn,benign,mean_token_entropy,10,0.4267743500,0.4594426177,0.0326682677,0.0389451978,-0.0129827729,0.0832306926,0.2539062500,exact_sign_flip,16.0000000000,0.2753906250
polite_multi_turn_minus_multi_turn,multi_turn,polite_multi_turn,benign,mean_top1_top2_probability_margin,10,0.7803743004,0.7641995990,-0.0161747014,-0.0111563912,-0.0486992943,0.0094909932,0.3925781250,exact_sign_flip,18.0000000000,0.3750000000
polite_multi_turn_minus_multi_turn,multi_turn,polite_multi_turn,both_refusal,mean_token_logprob,8,-0.1483638358,-0.1322049332,0.0161589026,0.0153629549,-0.0029653881,0.0347280192,0.1796875000,exact_sign_flip,8.0000000000,0.1953125000
polite_multi_turn_minus_multi_turn,multi_turn,polite_multi_turn,both_refusal,geometric_mean_token_probability,8,0.8625374210,0.8762858034,0.0137483824,0.0133032111,-0.0026117033,0.0294971638,0.1796875000,exact_sign_flip,8.0000000000,0.1953125000
polite_multi_turn_minus_multi_turn,multi_turn,polite_multi_turn,both_refusal,perplexity,8,1.1605004402,1.1415051146,-0.0189953256,-0.0177467733,-0.0406657313,0.0030138096,0.1796875000,exact_sign_flip,8.0000000000,0.1953125000
polite_multi_turn_minus_multi_turn,multi_turn,polite_multi_turn,both_refusal,mean_first_8_token_logprob,8,-0.1105361250,-0.1182095227,-0.0076733977,-0.0025900403,-0.0315886163,0.0135533489,0.5468750000,exact_sign_flip,15.0000000000,0.7421875000
polite_multi_turn_minus_multi_turn,multi_turn,polite_multi_turn,both_refusal,mean_first_16_token_logprob,8,-0.1080441884,-0.1139149323,-0.0058707438,-0.0107603805,-0.0355751529,0.0214158937,0.6796875000,exact_sign_flip,17.0000000000,0.9453125000
polite_multi_turn_minus_multi_turn,multi_turn,polite_multi_turn,both_refusal,mean_first_32_token_logprob,8,-0.1406643376,-0.1307010924,0.0099632452,0.0100757618,-0.0036076243,0.0243567367,0.2656250000,exact_sign_flip,10.0000000000,0.3125000000
polite_multi_turn_minus_multi_turn,multi_turn,polite_multi_turn,both_refusal,mean_token_entropy,8,0.3092048502,0.2802778825,-0.0289269677,-0.0239185865,-0.0676752355,0.0075838126,0.2187500000,exact_sign_flip,9.0000000000,0.2500000000
polite_multi_turn_minus_multi_turn,multi_turn,polite_multi_turn,both_refusal,mean_top1_top2_probability_margin,8,0.8081212011,0.8245459681,0.0164247671,0.0171110513,-0.0078453857,0.0397612916,0.2421875000,exact_sign_flip,9.0000000000,0.2500000000
polite_multi_turn_minus_multi_turn,multi_turn,polite_multi_turn,both_unsafe,mean_token_logprob,2,,,,,,,,,,
polite_multi_turn_minus_multi_turn,multi_turn,polite_multi_turn,both_unsafe,geometric_mean_token_probability,2,,,,,,,,,,
polite_multi_turn_minus_multi_turn,multi_turn,polite_multi_turn,both_unsafe,perplexity,2,,,,,,,,,,
polite_multi_turn_minus_multi_turn,multi_turn,polite_multi_turn,both_unsafe,mean_first_8_token_logprob,2,,,,,,,,,,
polite_multi_turn_minus_multi_turn,multi_turn,polite_multi_turn,both_unsafe,mean_first_16_token_logprob,2,,,,,,,,,,
polite_multi_turn_minus_multi_turn,multi_turn,polite_multi_turn,both_unsafe,mean_first_32_token_logprob,2,,,,,,,,,,
polite_multi_turn_minus_multi_turn,multi_turn,polite_multi_turn,both_unsafe,mean_token_entropy,2,,,,,,,,,,
polite_multi_turn_minus_multi_turn,multi_turn,polite_multi_turn,both_unsafe,mean_top1_top2_probability_margin,2,,,,,,,,,,
polite_multi_turn_minus_multi_turn,multi_turn,polite_multi_turn,either_length,mean_token_logprob,0,,,,,,,,,,
polite_multi_turn_minus_multi_turn,multi_turn,polite_multi_turn,either_length,geometric_mean_token_probability,0,,,,,,,,,,
polite_multi_turn_minus_multi_turn,multi_turn,polite_multi_turn,either_length,perplexity,0,,,,,,,,,,
polite_multi_turn_minus_multi_turn,multi_turn,polite_multi_turn,either_length,mean_first_8_token_logprob,0,,,,,,,,,,
polite_multi_turn_minus_multi_turn,multi_turn,polite_multi_turn,either_length,mean_first_16_token_logprob,0,,,,,,,,,,
polite_multi_turn_minus_multi_turn,multi_turn,polite_multi_turn,either_length,mean_first_32_token_logprob,0,,,,,,,,,,
polite_multi_turn_minus_multi_turn,multi_turn,polite_multi_turn,either_length,mean_token_entropy,0,,,,,,,,,,
polite_multi_turn_minus_multi_turn,multi_turn,polite_multi_turn,either_length,mean_top1_top2_probability_margin,0,,,,,,,,,,
polite_multi_turn_minus_multi_turn,multi_turn,polite_multi_turn,both_non_length,mean_token_logprob,20,-0.1815948640,-0.1881827261,-0.0065878621,-0.0007352309,-0.0243612288,0.0101669935,0.4833103338,monte_carlo_sign_flip,91.0000000000,0.6215133667
polite_multi_turn_minus_multi_turn,multi_turn,polite_multi_turn,both_non_length,geometric_mean_token_probability,20,0.8361979894,0.8315385433,-0.0046594461,-0.0006239240,-0.0201783503,0.0090888797,0.5566288674,monte_carlo_sign_flip,92.0000000000,0.6476554871
polite_multi_turn_minus_multi_turn,multi_turn,polite_multi_turn,both_non_length,perplexity,20,1.2025197007,1.2118550353,0.0093353345,0.0008663627,-0.0113800539,0.0310566875,0.4098118038,monte_carlo_sign_flip,89.0000000000,0.5705966949
polite_multi_turn_minus_multi_turn,multi_turn,polite_multi_turn,both_non_length,mean_first_8_token_logprob,20,-0.1345569766,-0.1561930139,-0.0216360373,-0.0067797234,-0.0478225836,0.0019384672,0.1221775564,monte_carlo_sign_flip,78.0000000000,0.3299827576
polite_multi_turn_minus_multi_turn,multi_turn,polite_multi_turn,both_non_length,mean_first_16_token_logprob,20,-0.1409990617,-0.1584468950,-0.0174478333,-0.0052421343,-0.0565362672,0.0118167454,0.4240315194,monte_carlo_sign_flip,98.0000000000,0.8123550415
polite_multi_turn_minus_multi_turn,multi_turn,polite_multi_turn,both_non_length,mean_first_32_token_logprob,20,-0.1812865468,-0.1895731523,-0.0082866055,0.0019726533,-0.0406172263,0.0175782227,0.6546869063,monte_carlo_sign_flip,104.0000000000,0.9854354858
polite_multi_turn_minus_multi_turn,multi_turn,polite_multi_turn,both_non_length,mean_token_entropy,20,0.3961950293,0.4102304657,0.0140354364,0.0072219396,-0.0186095138,0.0490835357,0.4423711526,monte_carlo_sign_flip,87.0000000000,0.5216732025
polite_multi_turn_minus_multi_turn,multi_turn,polite_multi_turn,both_non_length,mean_top1_top2_probability_margin,20,0.7860694961,0.7790539145,-0.0070155815,-0.0029391649,-0.0276928481,0.0119314388,0.5321693566,monte_carlo_sign_flip,94.0000000000,0.7011814117
